video_id,title,published_at,channel,view_count,like_count,comment_count,duration,platform
HiDGfFOzfnk,He’s bully-proof #funny #viral #family #fypシ #shorts,2023-06-24T14:00:43Z,The Gabriels,324717105,7287427,84463,PT10S,youtube
y-ZOvOmCf48,new trio ❤️ #shorts #shortsviral #tiktok,2025-08-16T13:30:53Z,ROCK SQUAD,24713302,118994,16701,PT11S,youtube
9JsL7wexSgI,Exposing The Most Viral Clip Of The Year 🙈 #Shorts,2021-08-27T14:57:18Z,Brandon B,53457896,1628814,4670,PT11S,youtube
avJE9hN5sy4,EXCUSE ME BRUH!😆#shorts #tiktok #trending,2023-01-26T20:59:25Z,ROCK SQUAD,54219737,1095149,7236,PT12S,youtube
AC52z5Amf_w,#viralreels #baile #viralshort #viralvideo #bailando #vlog #viralshorts,2025-04-07T21:00:18Z,El Vlog Del Calentano ,16054665,169723,1114,PT16S,youtube
hd2hiquQZVw,BESTIE DANCE!❤️#shorts #shortsviral #funnyshorts,2023-07-16T19:32:23Z,ROCK SQUAD,171998436,1975950,33527,PT10S,youtube
DhN4B8J3HzA,THIS WAS TOO FUNNY 🤣🤣#dance #shorts #short,2025-06-03T17:29:05Z,Venus Monee,9643231,62509,426,PT11S,youtube
v_7-d9rdgsI,is your stress really that big?🥹 #humanity #respect #shorts #viral #shortsfeed #trending,2026-04-13T15:11:00Z,vowsbykrishna,9038,134,9,PT12S,youtube
Nh7wN1_0VyQ,21.86 Germ almost jumped A record again 🤯 #fy #fierljeppen #sports #viralshorts,2025-07-09T19:16:11Z,Epicfierljeppen,571297289,6896161,24865,PT17S,youtube
tIbOxVez96E,DO THIS To GO VIRAL on YouTube Shorts FAST #shorts,2024-07-16T19:40:43Z,Robert Benjamin,699107,28867,1308,PT41S,youtube
hx265ujsLVU,🙄  #viral #shorts,2024-04-16T10:17:31Z,H&T Official,158712947,5607365,20096,PT38S,youtube
iIQs4OV9HvE,trolli gummy popsicle #funny #shorts #youtubeshorts #fyp,2025-02-03T01:22:14Z,EBB Super Star,36192277,316029,1522,PT19S,youtube
qP08DqrxwzA,How To Go Viral on YouTube Shorts FAST #shorts,2025-07-05T15:01:32Z,Robert Benjamin,64793,1735,204,PT41S,youtube
-R1a10r9jys,DON’T TRY THIS AT HOME🤣#shorts #shortsfeed #shortsviral,2023-06-09T18:31:35Z,ROCK SQUAD,20530938,242587,3054,PT9S,youtube
lrBFiM8n96E,Respect shorts boss 😲#respectshorts #shortvideo #youtube #viralshorts #motivation,2024-09-26T00:36:11Z,"Md Sohad Shikh,",7051007,52335,118,PT18S,youtube
DYICWiHgptk,problem solved #shorts #funny #viral #shortsbrasil,2023-05-05T12:45:00Z,Marulho,297202067,5060805,16264,PT14S,youtube
IXx-lvDK2fo,You have thing called FINGER 💅🏽 #fyp #viral #shorts #funny #relatable #school #trending,2025-07-09T12:10:25Z,INAFISH,26020741,630339,6718,PT9S,youtube
Pts30_DGaxw,🖤🖤 #dance #viral #shorts #momlife #girlmom,2025-03-02T15:19:08Z,Lottie Weaver,19174968,633603,3024,PT13S,youtube
X40_0uqYbio,It's so scrary #trending #viral #funny #shorts,2024-05-06T14:06:44Z,H&T Official,76230859,2936595,5560,PT46S,youtube
BCz2tp8AI0c,ISSEI funny video 😂😂😂 Winter Sea #shorts,2023-01-06T10:00:10Z,ISSEI / いっせい,258604851,3787150,10079,PT14S,youtube
WcLtVcRWybI,Bro was not there for the competition 😅  #viral #shorts,2025-09-07T15:15:13Z,CLIPSUKI,127644900,2478951,17230,PT18S,youtube
fKn0sfyO94c,WHO HIT THE BEST BEAT?💖#shorts #shortsfeed #viralshorts,2023-04-24T18:35:33Z,ROCK SQUAD,48764017,607200,5373,PT9S,youtube
CQY32DKYaUo,Exciting Cute Kitten Surprise #katebrush #viralshorts #tiktok #funny,2025-04-13T11:11:39Z,Kate Brush,124570239,429505,859,PT5S,youtube
1wi61ldly2Q,😱महाकाल की कृपा😱🚩#viralshorts #viralvideos #shorts #shortsfeed #mahadev #shortsviral #viralvideos,2025-05-05T15:17:48Z,Divine Beings ,56684648,0,228,PT5S,youtube
zwMEhBq4kYM,Funny Watermelon Prank 🤣 #shorts #short #viralvideos #viralshort #funny #youtubeshorts #shortsfeed,2024-09-07T19:23:43Z,EBB Super Star,145659326,2187344,8009,PT20S,youtube
A7awl43d6hA,Crying Because Of The Chocolate 🍫🤣#shorts #viral #chocolate #funny #cutebaby,2025-03-02T14:05:00Z,Misti Happy Lifestyle Games & Shorts,8900957,44633,13,PT6S,youtube
W8y-Qo375fI,😈 don't underestimate the boys attitude 🔥 funny video 🔥 attitude status #shorts #viral #ytshorts,2023-11-13T08:03:17Z,FIRE SHORTS OFFICIAL ,66932947,0,1954,PT27S,youtube
x3PYjwvntf0,Don’t be Over Smart 😎😂 #shorts #viral #fun y,2025-04-26T10:20:35Z,The Savage Siblings,529019510,4086489,3862,PT17S,youtube
wmGhysgH7uQ,"(HAND TREND)Who'stheBest?1,2,3 or 4?#shorts #tiktok #viral",2023-06-11T12:30:37Z,Tik Tok Now,12611377,181088,625,PT10S,youtube
sOZrJUkCLYU,Crazy Moment #shorts #crazy #funny #viral,2022-10-25T05:25:17Z,boxtoxtv,749334183,17586018,25573,PT20S,youtube
JkjSFy8x4w4,MONDAY MOTIVATION🙏#shorts #viralshorts #motivation,2023-10-23T13:46:23Z,ROCK SQUAD,32765834,608152,7863,PT16S,youtube
28CXJ0-n_GQ,🔥 How To Viral Shorts Video on YouTube | shorts video viral kaise kare 2025 #shorts #ytshorts,2025-03-07T11:03:43Z,YT Update Money,4128583,0,2105,PT38S,youtube
JUFqPBRoPQM,Nice movies 🤣 #shorts #viral #comedy,2024-12-27T05:33:46Z,SG Funny Family,48765354,201026,0,PT11S,youtube
rGaTDksZsSc,This girl brought the store to life 🥹❤️ #shorts,2023-10-26T23:01:23Z,Brad Nolan,140858887,4872071,24623,PT26S,youtube
IvOkNaYs7Wk,Try to present yourself cool 😎 #viral #trending #funny #shorts,2024-05-13T05:11:15Z,H&T Official,22524021,470528,1708,PT24S,youtube
3J39VV5FdSc,Pyar me dhokha 🥺💔 | Sona | Amit | #trending #viral #shorts #broken,2026-04-13T08:31:11Z,As Sona 🔱,28727,1564,26,PT1M,youtube
AD-RlkZI9JM,What Women Want 😅 #shorts #viral #trending #funny #comedy #tiktok #reels #viralshorts,2022-07-15T09:01:30Z,Sadiq Ahmed Vines,49717589,2070941,7156,PT1M,youtube
H7efNXe-01o,JUST MARRIED!💍#shorts #viralshorts #wedding,2024-10-21T22:05:04Z,ROCK SQUAD,14957650,226246,10920,PT13S,youtube
hUgIm71KZy0,How To Viral Short Video On Youtube | Youtube Shorts Viral Trick | #shorts #viralshorts,2022-07-28T13:10:06Z,Uttam Panuya,4257073,111280,4724,PT59S,youtube
VObNEOeu2b0,Viral AI baby got an 🥚 #trending #shorts #ytshorts #viralshorts #viral #baby #ai,2025-07-22T03:10:34Z,Yellow Chikess,798454,3517,85,PT6S,youtube
MO4OKdsh0Wo,New fashion trick unlocked..😂 #shorts #trending #relatable #reels #fyp #viral #shortfeed #fashion,2025-10-03T14:30:26Z,Armink World 💜 ,122607915,623971,1858,PT8S,youtube
OHpOvORemVo,short video viral tips and tricks 2025 🔥 short viral kaise kare |how to viral short video on youtube,2025-05-30T12:40:54Z,The Free Trick,3128537,76965,3631,PT52S,youtube
QCCEPPscCRY,New Shorts VIRAL TRICK🤯💥 (100% WORKING) #shorts,2024-03-25T18:00:21Z,Digital Raj,2472388,0,1463,PT37S,youtube
wD5_xbnyu8A,how he takes revenge #viral #trending #funny #love #viralvideo #shorts,2024-04-12T10:05:10Z,H&T Official,244938159,9331193,28316,PT1M1S,youtube
MUHg_uK4EaE,Funny  banana 🍌 part 122 #shorts #viral #banana #satisfying #shortsviral #farming #bananacutting,2024-12-26T04:05:00Z,OMAR BD ,95681133,1319196,2819,PT32S,youtube
2whh69T8FqQ,Content Creators vs Ai Creators…😡 #theboys #viral #shorts #ai,2025-08-07T21:32:20Z,The Johnson Brothers,19811336,819853,7217,PT58S,youtube
dMepzuxbPBw,How To Viral Short Video On YouTube | shorts viral kaise kare  🔥 #shorts,2023-07-01T04:00:18Z,Uday Pandey,14982950,0,8534,PT28S,youtube
F0Qg_zDMXUs,100% Short Video Viral Short Viral Kaise kare?How To Viral short video on youtube #viralshort,2023-01-27T02:00:03Z,KDPR GAMING ,9891842,0,2285,PT27S,youtube
QsgzyXa6o6o,How Viral Videos Are Made 📸,2022-04-29T02:00:04Z,Alan's Universe,147245854,4755716,8210,PT26S,youtube
SNr9z_BNyNM,Gabby Gelembung Sabun #funny #fyp #viral #shorts,2025-09-13T15:35:59Z,VOSSTONN,153416176,441249,57,PT6S,youtube
SNr9z_BNyNM,Gabby Gelembung Sabun #funny #fyp #viral #shorts,2025-09-13T15:35:59Z,VOSSTONN,153416176,441249,57,PT6S,youtube
cjE7XdBB2fc,Mother & daughter 😂 Wait For End🤪 #shorts #trending #viralshorts #funny #comedy,2025-09-27T05:59:14Z,K M Official,119002201,0,1090,PT18S,youtube
3QtKh9Cigb0,she's ignored him 🤯🤔‼️😥#youtube #explore #love #viral #trending #shorts,2025-10-14T17:09:00Z,Arvi 🖤,4226394,17779,122,PT12S,youtube
szBLxSEE-_A,🤣🤣🤣 #viralshorts #shorts #comedia,2025-05-25T19:19:46Z,Kike y su familia,44337285,487403,2293,PT11S,youtube
1aibqH3R1bs,Viral Breakfast Recipe😱 #shorts #shortvideo #food #recipe #viral #breakfast #viralvideo #viralshorts,2025-08-28T13:27:55Z,Kitchen With Dua,15743120,172348,421,PT48S,youtube
ERUlKKy3Oy0,“Patli Kamar Pe Killer Moves 😍🔥 #shorts #viral #dance #youtubeshorts,2026-04-13T12:41:23Z,Rajput Karishma Official26,57900,769,4,PT22S,youtube
0AJfryjihdA,Best viral and amazing gadgets short videos | Smart home gadgets 2024 #gadgets #reels #viral #shorts,2024-10-19T03:42:52Z,Smart home gadgets 2.0,206517978,0,5261,PT13S,youtube
jwi8RyHsWNg,ISHQ PAGALU 🤣 || #physicswallah #biharboard #biharboardexam #viral #shorts,2026-04-13T14:00:20Z,Edu Bihar,3629,133,4,PT29S,youtube
rWJc34VR4Y4,Respect girl 🥹💔🙏 #shorts #viralshorts  #shortsfeed #tranding #respect #girl #youtubeshorts #yt,2025-10-15T12:52:11Z,Dawood Khan,42340314,671972,1997,PT1M,youtube
fK_SIaC6mvg,Baby and Kitten Get a Funny Surprise! 😂 | Fart Reaction Moment #shorts #babyfart  #catshorts,2025-04-26T08:30:40Z,Shlok & Dodo - Shorts,16541187,74207,301,PT6S,youtube
jfavP7dUUcI,35+🎉🎉 beautiful blouse neck design #trending #youtubeshorts #viral #shorts #shortsfeed #fashion ❤️,2026-04-13T12:32:00Z,Trending fashion 🥰,22775,147,2,PT12S,youtube
7VqYWZhfmUw,POV: What the puppy sees… #theboys #viral #shorts #puppy #aot,2025-08-14T22:17:08Z,The Johnson Brothers,37975442,880000,9514,PT34S,youtube
DlKHA_ffNmI,Momos wali लड़की 👀😂 #shorts #funnyshorts #comedyshorts #momosshorts #momos #ytshortsviral,2024-07-20T06:11:32Z,Sejal Gaba,63733141,1029522,2373,PT45S,youtube
DoaPkRtGzhg,Dog with crocodile mouth #dog #animals #shorts #fyp #video #viralshorts #short,2025-02-26T14:51:44Z,Az animals,98143867,0,1600,PT6S,youtube
TD-c7yRkEWI,Twisted Aloo Paratha #shorts #aloo #paratha #shortsfeed #trending #viral,2025-08-17T09:29:29Z,Foodies Corner,28702352,270858,517,PT16S,youtube
w2IcSb7iO8A,mini house build #viral #shorts,2026-04-13T13:35:04Z,Infinite Build AI,9995,43,0,PT11S,youtube
IMNjcNOmhUI,Juegos olímpicos en casa 🏠 😅 #shorts #tiktokvideo #humor #viral #latina,2024-08-11T16:21:04Z,Gabriela Flores Villar,27807391,616462,1126,PT12S,youtube
OPtDFpgLc58,#indianarmy #army #reels #viral #shorts #viral #trend #trending #youtube #shortsviral #ai #indian,2025-07-26T08:56:55Z,DesiAi,810799,909,0,PT6S,youtube
BXj8atS0GXA,Trip to Thailand with Friends 😂 #Shorts #Viral #trending,2025-09-01T10:56:25Z,The Thoughtful Girl,9847202,52117,180,PT9S,youtube
v16E1l6laTg,Skirt + Short Kurti #viral #short #shorts #viralshorts #viralvideo #shortvideo #youtubeshorts #vlog,2026-04-13T16:16:24Z,Poojaga Vlogs,3604,0,0,PT14S,youtube
9hBSbeBwqJI,A Day in my life🫧🪷 #minivlog #dayinmylife #viral #shorts #trendingshorts #trending #ytshorts #yt,2026-04-13T12:01:15Z,Neha Das 🧚‍♀️,9301,197,29,PT22S,youtube
_8ZPfFiKZ3c,YouTube shorts upload karne ka tarika | How to viral shorts video on YouTube #youtubeshorts #shorts,2023-07-20T11:45:44Z,Mind Talk,19149812,502422,11701,PT54S,youtube
MHP5UwpQrI8,Lekin Mai Abhi Mara Nahi 🔥 in kurulus #viral #shorts #islamic #kurulusosman,2026-04-13T04:00:31Z,Orhan5.0,48565,2837,1,PT55S,youtube
hJdrD_XEdXA,Tom Holland Reacts To Viral Videos part 22 #tomholland #funny #reaction #memes #tiktokeffects,2025-09-10T17:56:24Z,Tom React,179977740,1424128,3517,PT15S,youtube
EHoh4SgT66E,Dudi dudi dum dum 😨😱#shorts,2025-08-01T14:10:21Z,Zeeshan Pasha,83207972,417395,1587,PT9S,youtube
SO9Y1FI6pas,Baby Talk Gone Viral 😂 | #ultraaicomedykaran | #BabyTalk #ViralShorts#shorts #TrendingNow #Funny,2025-08-26T08:18:54Z,Ultra AI Comedykaran,3357632,32089,49,PT9S,youtube
CE854qPhBDY,Do you like slime lickers? #autumnmonique #viral #shorts,2023-03-10T21:57:50Z,Autumn Monique,50205725,913864,12966,PT10S,youtube
AyQZXlZo4jk,90 Million views || Instagram most viral reel🤩#trending #youtubeshorts #shorts #instagram #reels,2025-04-27T08:11:54Z,Anamika jha shorts 1.5M views,33206500,174289,1558,PT12S,youtube
753HeVgU_-k,Kurta set #viral #short #shorts #viralvideo #viralshorts #shortvideo #youtubeshorts #ytshorts #vlog,2026-04-13T05:19:15Z,Poojaga Vlogs,66738,0,0,PT23S,youtube
EJwPYXDNzPk,🐈 Cat become a chef #trending #viral #shorts #youtubeshorts,2026-04-13T13:25:20Z,Babba Animation ,6685,0,0,PT10S,youtube
0LAe4etu1hw,Indian Biscuits Fact 😂 | Viral Comedy Video| Funny Whatsapp Status #priyalkukreja #shorts #ytshorts,2021-09-12T04:30:01Z,Priyal Kukreja,131501866,2046734,7225,PT13S,youtube
gzhUIKkRtEM,best funny video😆#shorts #viral #funny #trending #comedy,2025-08-22T11:13:17Z,🤣 মজা মজা বাংলা 🤣,120828349,558379,1122,PT16S,youtube
fJw33GyM8FM,"""Mummy ke new new tricks."" 😝😂🤪 #comedy #relatable #funny #shorts",2024-10-14T12:30:28Z,Radhika Maroo,150349600,1263173,3486,PT13S,youtube
TnxaGsKFlx0,Congratulations 🥳❤️ #prashulovers #prasvcreation #layekfam #prashantrajput #viral #shorts #trending,2024-07-21T04:41:07Z,Prashant Rajput,13453668,495657,1863,PT15S,youtube
60HByJ5i2vo,Gobar wali lollipop🍭😱 #shorts #chocolate #prank #viral,2025-07-07T14:13:17Z,Mansi Ranwa,4824825,22769,13,PT13S,youtube
6dNwIlpfDjE,Ferrero Chocolate Milkshake #shorts #asmrcooking #viral,2026-04-13T13:23:13Z,Bharat ASMR,37861,0,4,PT16S,youtube
_T_O2y6EOXM,🫵 10 15 Views 🚀How To Viral Short Video On YouTube | Shorts Viral Kaise Kare| Short Viral Kaise Kare,2025-07-30T13:53:53Z,Manish Techs ,1377789,0,5163,PT30S,youtube
KplR3fgGwtk,SE EU FOSSE SUA CASA? 🤔🏠 #roblox #viral #shorts,2026-04-13T17:07:51Z,Mrkitty,5199,695,12,PT28S,youtube
ZS8shAGbLiE,Viral ! Girls hearing aid mold making #shorts #ashortaday #tranding #facts #shortsfeed #vlog,2025-06-14T11:16:23Z,Make Facts Of,16581708,0,47,PT17S,youtube
5zdxJJena0g,#salon #reels #shorts #haircut #hairstyle #viralreels #viralshorts #shortvideo #trending,2025-06-15T01:08:00Z,Monu Thakur Salon,139559006,217680,190,PT16S,youtube
kiMTU5mz8wY,Trending sarees#kanakadurgacollections #trending #shortvideos #shorts#youtube#viral #viralshorts,2026-04-13T12:00:34Z,KanakaDurgaCollections,11583,289,0,PT1M1S,youtube
PlPIg9RR1Z4,Cute Baby Girl helps papa and brother get their lollipop 🥰🍭#shorts #viral #trending,2025-02-27T13:29:00Z,Misti Happy Lifestyle Games & Shorts,14457835,0,27,PT14S,youtube
lGOuDib4T6k,ਆਹ ਇੱਜਤ ਕਰਦੇ ਸਾਡੇ ਗੁਰੂ ਘਰਾਂ ਦੀ ਇਹ ਪ੍ਰਵਾਸੀ #viral #shorts #punjabi,2026-04-12T09:01:31Z,Mohammad Ikram,16290,711,24,PT51S,youtube
l5amjQNsKgw,love nowaday 💔💔💔 #funny #viral #shorts,2024-01-25T14:07:11Z,Bridon Production LLC (Seany Tv),284932167,4248698,4544,PT1M,youtube
QH--C8csee0,AUTOTUNE vs NO AUTOTUNE MUSIC | #viral #shorts || Mj Indian Hero 2,2026-04-13T18:02:06Z,Mj Indian Hero 2,2204,0,5,PT29S,youtube
jx_VHbdMvW8,She Was Applying Mascara On Her Face🤯😱 #shorts #viral #trending #popular #education #viralvideos,2025-10-17T03:56:00Z,Kiddy FaCts,114206765,3729198,85686,PT36S,youtube
LrFVh38Wxw0,oopsies! who said that? 🫣 #makeupshorts #shorts #viral #muslim,2026-04-05T18:24:53Z,Dani Bedazzled,6123313,158423,1679,PT7S,youtube
Fw6xpbTqrtw,Respect For Vipin Sir 💯#alakhpandey #physicswallah #motivation #trending #viral #shorts,2026-04-13T12:09:35Z,Success Formula ,6791,189,0,PT30S,youtube
CjXd2Mo8nfM,Wait For Twist🤣🤣.. #trending #shorts #real #viral,2024-01-13T14:25:27Z,PR PRESENTS,54716148,1271959,900,PT52S,youtube
WWc0xtJl_VE,जिसका इरादा ❤️‍🩹 #shots #viral  #shorts,2026-04-13T15:29:18Z,_2alfaz,6462,0,2,PT9S,youtube
dhRfJecAIx8,FROZEN! ❄️ #shorts #trending #music #song #fyp #fun #funny #viral #viralvideo #cute #viralshorts,2025-09-28T14:33:54Z,HallieOnStage114,56476625,290178,0,PT17S,youtube
WBbJTswlOvs,Pomegranate 🍑🤣 | #shorts  #viral #funny #trending #viralshorts #ytshorts,2025-09-20T14:31:00Z,Mamabhagner Rannaghor,49305668,310595,35,PT51S,youtube
753HeVgU_-k,Kurta set #viral #short #shorts #viralvideo #viralshorts #shortvideo #youtubeshorts #ytshorts #vlog,2026-04-13T05:19:15Z,Poojaga Vlogs,66738,0,0,PT23S,youtube
kiMTU5mz8wY,Trending sarees#kanakadurgacollections #trending #shortvideos #shorts#youtube#viral #viralshorts,2026-04-13T12:00:34Z,KanakaDurgaCollections,11583,289,0,PT1M1S,youtube
ezEAvuRu3hk,Beauty Khan VS Sona Dey? 😍💯🥵 #dance #viral #ytshort #shorts,2023-05-27T06:22:23Z,Sona Dey,15774337,427904,1754,PT10S,youtube
KplR3fgGwtk,SE EU FOSSE SUA CASA? 🤔🏠 #roblox #viral #shorts,2026-04-13T17:07:51Z,Mrkitty,5199,695,12,PT28S,youtube
t8-PTLzd-zw,Cute cat dance in the garden |#shorts #trending #catvideos #viralshorts #viral #cat #cute #catdance,2025-10-22T10:05:03Z,All animals lovers ,1414398,8920,6,PT7S,youtube
41Xe6Gc_kLw,मेरे साथ धोखा कर दी 🤪😂🫣#viralvideo #viral #shorts #shortvideo #love #funny #comedy,2025-09-12T15:13:22Z,Naveen Nigam Hit,33005486,249247,224,PT45S,youtube
3KQ1QmBOS2E,Please support kijiye 🙏😢🥹😭 #short #viral #trending #shorts #song #maa,2025-08-31T15:00:46Z,Indian Army Uday 🇮🇳,35837254,174288,367,PT18S,youtube
A_Q2qpbHrqo,"It is 9,999,999$ sir😱🤑 #shorts #funny #viral",2023-03-25T10:00:05Z,CuRe 구래,477422105,11116591,25149,PT30S,youtube
aqWqJFFR44Y,Mummy ko shark ne pakad liyaa 😱🦈 #shorts #viralshorts #viralvideo,2025-10-12T03:40:00Z,Misti Happy Lifestyle Games & Shorts,6730897,0,10,PT5S,youtube
sJQThN5tUDY,Power of pavva 🤡 | The most viral comedy by Maabeta 🔥 #ytshorts #shorts,2025-03-30T05:24:25Z,up wala aryan,233596080,1802711,2818,PT13S,youtube
l52bfaNAlHU,jai veeru ki yaari🤪🤪👭👭 | #shorts #viralshorts #trending #7seven brothers,2022-10-30T12:49:49Z,7seven Brothers,3155445306,23951477,648,PT15S,youtube
fI-D0dyP1oI,happy birthday to you 🎁#shortsfeed#cat#catshorts#viralvideo#viralreels#viral#viralshorts#video,2025-06-16T15:36:45Z,Aqash Naqvi,6953187,32942,54,PT6S,youtube
WWc0xtJl_VE,जिसका इरादा ❤️‍🩹 #shots #viral  #shorts,2026-04-13T15:29:18Z,_2alfaz,6462,0,2,PT9S,youtube
4msB-yCsV60,Easy kids drawing #shorts #trending #viral #amaira #youtubeshorts #kidsart #viralshorts #shortsfeed,2025-06-25T07:30:07Z,Creative Komal ,374649945,1930607,0,PT19S,youtube
WFk8MiP3kWU,😱#ytgaming#ytshortsvideo #ytstudioes#trending #reels#viral#shorts#hide #in#the#backrooms #goodvibes,2026-04-13T15:35:16Z,AMAAN_GAMER ,1370,5,0,PT49S,youtube
YbwwNbcLLJw,Rudra ne asa kese kiya 😱 wait for end #shorts #viral #funnyvideo #viralshort,2025-10-18T04:41:02Z,Jagdish Comedian,9620102,42855,13,PT12S,youtube
Fw6xpbTqrtw,Respect For Vipin Sir 💯#alakhpandey #physicswallah #motivation #trending #viral #shorts,2026-04-13T12:09:35Z,Success Formula ,6791,189,0,PT30S,youtube
gyhXMlxdL4A,O Antava Oo Antava#Kritikachannel#Shorts funny video,2025-02-03T13:38:35Z,Kritika Channel,221196528,1225727,4700,PT9S,youtube
zYMi8bWiO6E,YOUTUBE SHORTS VIRAL KAISE KARE?? #shorts,2024-01-13T17:30:05Z,Creator Speaks,561652,10019,72,PT32S,youtube
uZitazYivZA,Reason for healthy hair in childhood 🥹 #shorts #youtubeshorts #viral,2024-05-23T18:20:13Z,Bhupinder Kaur,30197530,573014,2436,PT21S,youtube
5VRm26lUl9g,A cute girl follow me 😳🥰 | mistihappylifestyle #shorts #viral #cutrgirl #trending #shortvideo,2024-08-04T03:06:00Z,Misti Happy Lifestyle Games & Shorts,109469822,0,663,PT43S,youtube
QH--C8csee0,AUTOTUNE vs NO AUTOTUNE MUSIC | #viral #shorts || Mj Indian Hero 2,2026-04-13T18:02:06Z,Mj Indian Hero 2,2204,0,5,PT29S,youtube
KIG3iYFCH1w,#craft #painting #art #asmr #amazon #momlife #satisfying #viral #shorts #viralvideo #viralshorts,2024-05-10T16:46:13Z,Glenda,90093796,1584586,2185,PT19S,youtube
R6q2bhtUr18,Oo Aaa🥰🤣#shorts #viral #trending #funny #viralvideo,2025-05-20T14:49:00Z,Misti Happy Lifestyle Games & Shorts,13751060,0,25,PT13S,youtube
UP7Jaf5Qziw,Beautiful Fly stitch #handembroidery #embroidery #trending #viral #shorts,2026-04-12T17:31:39Z,Dena embroidery ,23496,146,0,PT5S,youtube
PhGZPl8ykG4,#trending #shorts #shortvideo #viral #song #love #dance #trendingshorts #hairstyle,2025-10-14T04:51:21Z,Kalpana_Das786,19489708,115613,491,PT29S,youtube
hyf9CqJtPqk,mera bhai meri jaan 🥰❤️ #shorts #viral #viralshorts,2023-01-13T11:30:18Z,BN ki Masti,1547393104,11659960,0,PT15S,youtube
7uvNG8SIVIA,Tag your partner 🤣🤣 #trending #fyp #diyafavas #viral #shorts #short #comedy #funny,2026-02-19T13:17:13Z,diyafavas_official,11310263,125706,286,PT18S,youtube
rRFtRrYFzg4,As a habit 😜 funny couple 🤣 #shorts #viral #comedy,2024-12-23T05:13:21Z,SG Funny Family,31755696,397119,0,PT15S,youtube
qtj80prGHAA,New Added Parivar Travels Luxury Bus🥰❤️ || #shorts #trending #viral,2026-04-13T11:20:41Z,Bus Way,79434,0,0,PT21S,youtube
Wzjqnic_WEQ,Vocês gostam de gloss meninas? 💗💖✨#shorts #youtubeshorts #viralshorts,2025-07-15T15:16:15Z,Monique Rodrigues,42458184,191318,1114,PT13S,youtube
_QLi7qSTMZA,Asli Gawar Kon 😨 #neetubisht #funny #lakhneet #comedy #youtubeshorts #trending #shorts #viral,2025-07-16T04:30:31Z,Neetu Bisht,28110157,335670,1632,PT35S,youtube
vkJ375FaPGI,Viral Nose 👃 contouring hack#contouring#nosecontouring #tutorial#viralshorts #trending #video#shorts,2025-05-31T14:35:34Z,Pooja Makeup #19,14652227,121894,217,PT14S,youtube
GCP6KafGsls,Ele errou tudo kkkk (#humor #shortsviral #shorts ),2025-04-27T15:56:41Z,Lulu Perrier,23597242,118596,223,PT13S,youtube
ccXTMANRHJQ,Biwi Ne Bachaya 😳😍 #shorts #trendingshorts #comedy #food #funny #viral #sandeepbhatt,2024-10-15T08:25:46Z,Sandeep Bhatt Vlogs,51582136,865829,3042,PT38S,youtube
AKL3Mr1E_gI,Bro almost escaped 💀 #funny #comedy #shorts #shortvideo #ytshorts #youtubeshorts #viral #fyp #reel,2026-04-09T12:54:14Z,Aaryan Kelvin,2838507,90943,415,PT30S,youtube
7Fp7XsGdMBY,"А я иду , гуляю по луне ) VIRAL VIDEO #viralvideo #dance #trending #eseniiamikheeva  #youtubeshorts",2025-08-13T17:07:40Z,Esenya_miss ( Eseniia Mikheeva) ,73543401,330963,34,PT9S,youtube
8y_nKvdR7Mo,🌙🌙 #trending #youtubeshorts #youtube #shortsvideo #shortsviral #short #shorts #shortsviral #new,2025-05-30T15:29:43Z,Kamal Hairstylist,4876276,24306,183,PT19S,youtube
vLO1a8dJFZM,Try not to laugh challenge 😂|| Day-46 #funny#viral#shorts#memes#reation #funnyvideo#siblinglaughlab,2026-04-13T13:30:06Z,Siblings laugh lab,12787,138,0,PT32S,youtube
a9vdB9D4lqE,Qué tal quedó dulce 🥰 #viralshorts #shorts,2025-06-15T18:08:20Z,Kike y su familia,34425779,335435,0,PT16S,youtube
lwJT8MjLXNc,Petric Star Cry 😭😭 #shorts #viral,2026-04-13T09:30:24Z,Zicky Zeem ,12431,0,2,PT13S,youtube
3bqSgKC6BXQ,#youtube shorts video viral kaise karen #youtubeshorts #majojdey,2023-11-21T05:38:34Z,MDYouTubecreator,5238344,119817,1610,PT1M,youtube
pxXqPwgUCgk,Kitten Story 🥺 #shortsfeed #viralvideo #cute #viral #shorts #cat #kitten #ai,2025-09-16T16:15:07Z,Zam Zam Entertainment,7328914,91115,148,PT1M3S,youtube
DrqVCOmuY1Q,Yaseen Muzammil – The Light in the Darkness.#islam #islamic #shorts #viral #shortsfeed #Trending.,2025-07-26T11:10:32Z,Noor Explains ,22935955,633002,1440,PT16S,youtube
86--n0ViRP8,If animals were overweight #unique #real #animals #viral #shorts #foryou,2026-04-13T17:06:20Z,SA Vault,2877,63,1,PT13S,youtube
ss6U3vDckN0,let's Try viral Pulse mojito 🥂❤️ #viral #shorts #pulse #mojitodrink,2026-04-13T17:50:41Z,Mummy's Kitchen,766,9,1,PT15S,youtube
Otj7Wx08OkE,yay mujhay Khush nai rakhti😂|#shorts #shortsfeed #funny #funnyshorts #viral #love #couple #foryou,2025-10-11T07:00:05Z,Shaziverse ,8334130,18072,2,PT8S,youtube
jF15hKkIxCg,BHULO MAT 🙌 #physicswallah #biharboard #biharboardexam #viral #shorts,2026-04-13T16:09:47Z,Edu Bihar,4995,214,10,PT54S,youtube
TBtBdpIR5QQ,Wait for end ❤️😜 #shorts # #thebnbrothers #funny #viral,2026-04-13T14:55:01Z,The BN Brothers,143406,0,1,PT30S,youtube
uxHYlL7gBrk,😱दीदी का फालतू कारनामा🤯Seed Remover Tool ~New Viral Gadgets Smart Appliances #gadgets #viral #shorts,2026-04-11T04:15:03Z,Unik Pranali ,5807450,26485,3,PT16S,youtube
exPua8dJaX4,🤣Wait for end twist😂❗️#shorts #trending #viral #funny #comedy #reels,2025-06-20T12:59:51Z,GOWTHAM INDHU OFFICIAL ,10264655,90829,596,PT13S,youtube
dMepzuxbPBw,How To Viral Short Video On YouTube | shorts viral kaise kare  🔥 #shorts,2023-07-01T04:00:18Z,Uday Pandey,14982950,0,8534,PT28S,youtube
D-gLezMm5zQ,"""Math Teacher vs Heavy Rain 🌧️📚"" ||#shorts #viralshorts #ai",2025-09-03T04:25:39Z,Gen-Z Bandar,167055998,0,908,PT9S,youtube
MHP5UwpQrI8,Lekin Mai Abhi Mara Nahi 🔥 in kurulus #viral #shorts #islamic #kurulusosman,2026-04-13T04:00:31Z,Orhan5.0,48565,2837,1,PT55S,youtube
ipTDoMfp2pQ,The Energy of Sudanese Kirang Dance#viral #viralshort #viralvideo #viralshorts #video,2025-08-17T17:36:53Z,Nyiguay Daily HG,6910339,74490,553,PT16S,youtube
StmwC5gC_mI,ମୁଁ କିଣିଲି Aryas Evco ରୁ ev auto #viral #trending #shorts #ytshorts #viralvideo #comedy #viralshorts,2026-04-11T06:02:01Z,Manke Comedy,673924,15428,79,PT2M58S,youtube
284i2fB4I58,Loker kaise open hoga😱😱🔥🔥 #viral #shorts #viralvideos #shorts #youtubeshorts #youtube,2026-04-11T13:30:24Z,Darshika and Mamma vlogs,2393460,11180,4,PT14S,youtube
8Zp5UyBj_dY,MT15 bike girls 🙈👀 #mt15 #love #viralvideo #bikelover #shortvideo #shorts #short #viral #mt15lover,2026-04-04T00:34:12Z,ARSAD JH,2333073,16969,47,PT15S,youtube
QCCEPPscCRY,New Shorts VIRAL TRICK🤯💥 (100% WORKING) #shorts,2024-03-25T18:00:21Z,Digital Raj,2472388,0,1463,PT37S,youtube
YbwwNbcLLJw,Rudra ne asa kese kiya 😱 wait for end #shorts #viral #funnyvideo #viralshort,2025-10-18T04:41:02Z,Jagdish Comedian,9620102,42855,13,PT12S,youtube
2JlGRnyZdKU,Passed or Fail? 🤔 #shorts #trend #viral,2025-06-20T08:57:44Z,The Savage Siblings,106965961,809198,5989,PT13S,youtube
heI4DLab-l8,School jane ke maje maje ❤️😂📚#trending #shortsviral #shorts #school #students #viral,2024-07-13T05:33:14Z,nishi tiwari ,105519540,1771783,9100,PT14S,youtube
S6wsFxc58v8,Annu or papa kisse dar gaye 😱😂 #viral #shorts #shortsvirals #cutebaby #trending #viralshort,2026-04-08T13:02:21Z,JAKIRUL20MShort,9396568,36949,5,PT8S,youtube
OHpOvORemVo,short video viral tips and tricks 2025 🔥 short viral kaise kare |how to viral short video on youtube,2025-05-30T12:40:54Z,The Free Trick,3128537,76965,3631,PT52S,youtube
rRFtRrYFzg4,As a habit 😜 funny couple 🤣 #shorts #viral #comedy,2024-12-23T05:13:21Z,SG Funny Family,31755696,397119,0,PT15S,youtube
EdBcndqqdJA,Kurta set #viral #short #shorts #viralvideo #viralshorts #shortvideo #youtubeshorts #ytshorts #vlog,2026-04-12T07:56:50Z,Poojaga Vlogs,9009,0,0,PT32S,youtube
753HeVgU_-k,Kurta set #viral #short #shorts #viralvideo #viralshorts #shortvideo #youtubeshorts #ytshorts #vlog,2026-04-13T05:19:15Z,Poojaga Vlogs,66738,0,0,PT23S,youtube
eyKbCnI7hhM,Things That Made My Life Easier ✨ #amazing #creative #viral #shorts,2026-04-04T05:00:38Z,Xiaosanxing,13878220,74789,25,PT29S,youtube
JEVZGGqYLGk,ILE JEST TYCH BRAINROTÓW PT.2 😱😱😱 #roblox #viral #shorts,2026-04-13T16:25:29Z,BekonRoblox,7392,113,7,PT14S,youtube
W4gSnMti3tw,Ganne Ka joosh😂#cutebaby #anaya #viral #shorts #shortsfeed #tiktokvideo,2026-04-09T14:31:49Z,Short hr karan,4213887,26039,11,PT39S,youtube
TQxvjrzEp8Y,Ee Uyyiii 🔥🤩💃 2026 dance trend |#dailyshorts#viral #shorts #dance,2026-04-05T09:04:31Z,Bakwaas Reels Wala,636234,4975,33,PT13S,youtube
zU_Q74lMseE,Kaisa Laga Mera Style 😳 #neetubisht #funny #lakhneet #comedy #youtubeshorts #trending #viral,2025-05-31T12:31:18Z,Neetu Bisht,126415789,861382,1178,PT15S,youtube
WUvvTmWWIa4,Baby girl dancing with cat 🐈 💃🤣🤪 #shorts #viral #funny #shortsviral,2025-06-08T14:10:01Z,Misti Happy Lifestyle Games & Shorts,40627934,0,42,PT5S,youtube
Rn8Dy7NvFyg,😂😀😂 Pranesh Diwali Alaparai #shortvideo #praneshcomedy #viralshort @SonAndDadOfficial,2024-10-30T11:00:37Z,Son And Dad,45980052,642979,569,PT37S,youtube
3QtKh9Cigb0,she's ignored him 🤯🤔‼️😥#youtube #explore #love #viral #trending #shorts,2025-10-14T17:09:00Z,Arvi 🖤,4226394,17779,122,PT12S,youtube
0LAe4etu1hw,Indian Biscuits Fact 😂 | Viral Comedy Video| Funny Whatsapp Status #priyalkukreja #shorts #ytshorts,2021-09-12T04:30:01Z,Priyal Kukreja,131501866,2046734,7225,PT13S,youtube
9WsL0k7h3Q8,Abe dekh k to jaa funny viral TikTok reel🤣🤪 #shorts #funny #comedy #ytshorts,2022-07-06T01:15:00Z,Vlogger Ayaan,101110145,0,600,PT12S,youtube
FygBPhhVQms,Churi 😍| #love #funny #comedy #food #youtubeshorts #chocolate #shorts #short #trending #viral,2026-04-07T06:56:01Z,Abhijeet Singhania,7476266,27790,9,PT11S,youtube
AUNlVzKf7QQ,ऐसी पत्नी किसी को ना दें #ruptaravlogs #funny #comedy #funnyvideo #reel #reels #viral #shortvideos,2025-08-29T08:04:27Z,Ruptara Vlogs,26434108,203412,435,PT19S,youtube
0AJfryjihdA,Best viral and amazing gadgets short videos | Smart home gadgets 2024 #gadgets #reels #viral #shorts,2024-10-19T03:42:52Z,Smart home gadgets 2.0,206517978,0,5261,PT13S,youtube
A_Q2qpbHrqo,"It is 9,999,999$ sir😱🤑 #shorts #funny #viral",2023-03-25T10:00:05Z,CuRe 구래,477422105,11116591,25149,PT30S,youtube
yvk8FoT02Jc,Wait for last #shorts #viralshorts #trending #thimingalam #whatsappstatus,2025-08-08T12:30:59Z,Thimingalam ,253721141,1946281,391,PT58S,youtube
ay99J4tUUu0,😂😂#shorts #youtubeshorts #trending #viralvideo #viral #comedy,2022-10-23T12:39:26Z,Rocking fun with Nadeem,299214923,3391796,7122,PT16S,youtube
yvsakACrFJY,Pareshan karne wale bacche 🤣 #Shorts #Viral #comedy,2026-04-05T06:12:36Z,The Thoughtful Girl,10171751,55778,54,PT38S,youtube
HM9GIyGDtEk,#comedy #funny #shorts #reels #trending #viralshorts #video,2025-04-26T13:05:55Z,Comedy team,241224975,977328,941,PT15S,youtube
Wn1dnpoTWRI,funny video 🤪//comedy video//#shorts #emotional #fun #funny #comedy #entertainment #viral,2023-05-19T00:43:30Z,Vloger Priya Priyanshu,236169083,4109209,11367,PT22S,youtube
MYQs-6CGsfA,ya Dil aashikana #comedy #shorts #trending #viral #fun #viralshorts #youtubeshorts #video,2026-04-10T01:06:04Z,Jay Comedy,588579,2415,1,PT13S,youtube
08Sb9MNf84A,👹कहाँ छुप गया 😱#Mkstudiovlog #story #gift #emosnal #viral #shorts,2026-04-06T15:18:23Z,Mk Studio Vlog,15720657,93996,43,PT39S,youtube
MO4OKdsh0Wo,New fashion trick unlocked..😂 #shorts #trending #relatable #reels #fyp #viral #shortfeed #fashion,2025-10-03T14:30:26Z,Armink World 💜 ,122607915,623971,1858,PT8S,youtube
D2vuw-XfLz8,bolo tara ra ra 🤣🤩😁😂😱#funny #viral #shorts,2026-04-13T14:34:57Z,Shiv Charcha,206209,1043,2,PT21S,youtube
TzOuBWB4buM,267 Sqyds Triplex Villa Forsale In Gated Community Hyderabad #trending #viral #shorts #reels #short,2026-04-13T04:00:26Z,My Properties,1747,16,1,PT57S,youtube
ccXTMANRHJQ,Biwi Ne Bachaya 😳😍 #shorts #trendingshorts #comedy #food #funny #viral #sandeepbhatt,2024-10-15T08:25:46Z,Sandeep Bhatt Vlogs,51582136,865829,3042,PT38S,youtube
3J39VV5FdSc,Pyar me dhokha 🥺💔 | Sona | Amit | #trending #viral #shorts #broken,2026-04-13T08:31:11Z,As Sona 🔱,28727,1564,26,PT1M,youtube
QsgzyXa6o6o,How Viral Videos Are Made 📸,2022-04-29T02:00:04Z,Alan's Universe,147245854,4755716,8210,PT26S,youtube
2p9ojDumcI4,తప్పదు మరేం చేస్తాం 😒 #shorts #youtubeshorts #shortvideo #trending #viral #vlog #patternsandmerino,2026-04-12T05:00:02Z,patternsandmerino,348506,5654,56,PT59S,youtube
VkVMIjvp2U8,Sipariş için instagram💕 #keşfet #keşfetteyiz #öneçıkar #trend #viral #shorts #youtubeshort #makeup,2026-04-12T17:26:06Z,VenisaBeautyBox,4802,56,2,PT51S,youtube
B6k0P983ihI,Bhojpuri Language🥴😂 #youtubeshorts #shorts #viral,2026-04-05T15:32:47Z,Chotanawab,2671370,49754,289,PT11S,youtube
7uvNG8SIVIA,Tag your partner 🤣🤣 #trending #fyp #diyafavas #viral #shorts #short #comedy #funny,2026-02-19T13:17:13Z,diyafavas_official,11310263,125706,286,PT18S,youtube
